{"cameraMode":{"drawMode":0,"name":"Shaded","section":"Shading Mode"},"sceneLighting":true,"audioPlay":false,"sceneViewState":{"showFog":true,"showMaterialUpdate":false,"showSkybox":true,"showFlares":true,"showImageEffects":true,"showParticleSystems":true},"in2DMode":false,"pivot":{"x":2.679443359375,"y":1.43994140625,"z":4.204498291015625},"rotation":{"x":0.10232125222682953,"y":-0.5962494611740112,"z":0.07698044180870056,"w":0.7925218939781189},"size":2.490812063217163,"orthographic":true}