{"cameraMode":{"drawMode":0,"name":"Shaded","section":"Shading Mode"},"sceneLighting":true,"audioPlay":false,"sceneViewState":{"showFog":true,"showMaterialUpdate":false,"showSkybox":true,"showFlares":true,"showImageEffects":true,"showParticleSystems":true},"in2DMode":false,"pivot":{"x":-13.09515380859375,"y":11.6015625,"z":6.849609375},"rotation":{"x":0.7506418228149414,"y":0.025736169889569284,"z":-0.029289627447724344,"w":0.6595578789710999},"size":44.02476119995117,"orthographic":true}